{
  "threshold": 0.5200000000000002,
  "xgb_weight": 0.5,
  "lgb_weight": 0.5,
  "feature_count": 52,
  "test_auc": 0.9884716470144967,
  "test_f1": 0.9539009765290389,
  "test_acc": 0.9481141534901658
}